{"cameraMode":{"drawMode":0,"name":"Shaded","section":"Shading Mode"},"sceneLighting":false,"audioPlay":false,"sceneViewState":{"showFog":true,"showMaterialUpdate":true,"showSkybox":false,"showFlares":true,"showImageEffects":true,"showParticleSystems":true},"in2DMode":false,"pivot":{"x":13.29611587524414,"y":0.8537859916687012,"z":-1.5110058784484864},"rotation":{"x":0.07005178928375244,"y":-0.9009395241737366,"z":0.15865182876586915,"w":0.39779531955718996},"size":2.7709929943084719,"orthographic":false}