{"cameraMode":{"drawMode":0,"name":"Shaded","section":"Shading Mode"},"sceneLighting":false,"audioPlay":false,"sceneViewState":{"showFog":true,"showMaterialUpdate":true,"showSkybox":true,"showFlares":true,"showImageEffects":true,"showParticleSystems":true},"in2DMode":false,"pivot":{"x":-75.3162612915039,"y":-11.362167358398438,"z":1.9213180541992188},"rotation":{"x":0.09083279967308045,"y":0.9075717926025391,"z":-0.3172687590122223,"w":0.25973695516586306},"size":19.15805435180664,"orthographic":false}