{"count":1,"gauges":{},"self":126.470016,"total":130.5122951,"children":{"AgentResetIfDone":{"count":5761,"self":0.022937199999999998,"total":0.022937199999999998,"children":null},"AgentSendState":{"count":5761,"self":0.050705599999999997,"total":0.5359111,"children":{"CollectObservations":{"count":15180,"self":0.48520549999999996,"total":0.48520549999999996,"children":null}}},"DecideAction":{"count":5761,"self":3.4439376,"total":3.4439374,"children":null},"AcademyStep":{"count":5761,"self":0.0019947999999999997,"total":0.0019947999999999997,"children":null},"AgentAct":{"count":5761,"self":0.0374959,"total":0.0374959,"children":null}}}